Price,Close,High,Low,Open,Volume,50_DMA,200_DMA,12_EMA,26_EMA,MACD,Signal,RSI
Ticker,META,META,META,META,META,,,,,,,
Date,,,,,,,,,,,,
2024-04-18,499.9760437011719,510.34823945758444,497.2260964339249,498.00326007133316,14808700,,,499.9760437011719,499.9760437011719,0.0,0.0,
2024-04-19,479.3213806152344,500.972375440201,474.00079446729563,500.972375440201,25111000,,,496.79840322641223,498.4460686577691,-1.6476654313568702,-0.32953308627137406,
2024-04-22,479.9789733886719,490.2216054605686,471.6792350291974,487.9399208543046,17271100,,,494.21079863599067,497.078135674873,-2.86733703888234,-0.8370938767935672,
2024-04-23,494.2967529296875,496.947087855681,487.19266460356954,489.46437591061385,15079200,,,494.2240223734825,496.8721073233778,-2.648084949895292,-1.1992920914139122,
2024-04-24,491.7062072753906,508.14623244265294,482.8186166545257,506.2132815965154,37772700,,,493.8366662045453,496.4894480605639,-2.6527818560186347,-1.4899900443348568,
2024-04-25,439.775634765625,444.1496617636814,412.99333588695123,419.8682490278648,82890700,,,485.5195844447114,492.2884248535314,-6.768840408819983,-2.5457601172318824,
2024-04-26,441.6787109375,444.81725504370945,430.3898768860217,439.85534570558576,32691400,,,478.7748346743712,488.5395571560476,-9.764722481676358,-3.989552590120778,
2024-04-29,431.0474853515625,438.16154710164096,427.0022452842576,437.96226190943185,21502600,,,471.43216554778525,484.28088517053015,-12.848719622744909,-5.761385996645604,
2024-04-30,428.6064147949219,438.0220473247672,428.1580383096976,429.48319059523675,18429500,,,464.84358850888316,480.15685032789247,-15.313261819009313,-7.671761161118345,
2024-05-01,437.5936279296875,448.324470023217,425.55751946999504,427.04212427181926,20344900,,,460.6512868813146,477.00401903913655,-16.352732157821947,-9.407955360459066,
2024-05-02,440.07452392578125,442.3462351057961,430.70869819788334,437.24485073008907,15221300,,,457.4856310420017,474.2685008825917,-16.782869840589967,-10.882938256485247,
2024-05-03,450.317138671875,452.5191273211899,442.23663272614147,444.3090586474781,16489100,,,456.38278606198224,472.49432590402006,-16.111539842037814,-11.92865857359576,
2024-05-06,463.9873352050781,464.46560144352185,451.6921923874553,453.9240406868875,15094600,,,457.55271669938156,471.8641784448392,-14.31146174545762,-12.405219207968132,
2024-05-07,466.53802490234375,469.8160748777237,459.63322146185084,464.59513103388576,13406800,,,458.9350718075296,471.4696485528025,-12.534576745272886,-12.431090715429082,38.31313627558248
2024-05-08,470.88214111328125,473.85128958022693,461.31703030002865,461.8152128381496,11683900,,,460.7730824699529,471.42612948320834,-10.653047013255446,-12.075481974994355,40.13112006288926
2024-05-09,473.6919250488281,474.34949927894843,465.93023214661764,468.29161264745665,9437700,,,462.7605967128568,471.5939661917728,-8.833369478915984,-11.42705947577868,47.827427558148514
2024-05-10,474.4690856933594,475.76434819594465,467.89306977309053,475.35583484503064,10750000,,,464.5619027098572,471.80693800670514,-7.245035296847959,-10.590654639992536,47.87553297590589
2024-05-13,466.3088684082031,471.62945471547624,461.16762053219,471.0316295379581,14668800,,,464.8306666634489,471.3996735920013,-6.569006928552426,-9.786325097704514,38.670650377036786
2024-05-14,470.1349182128906,470.82241262247226,458.4076805354275,461.68573050507666,10478600,,,465.646705363363,471.3059880083635,-5.659282645000474,-8.960916607163707,41.35453115092877
2024-05-15,479.7896423339844,480.74614428336014,469.4872312016632,473.25348993439434,13100500,,,467.8225418203817,471.9344068472984,-4.111865026916746,-7.991106291114315,74.25707808528816
2024-05-16,471.5098876953125,475.9536677204274,471.0316214801493,473.27344305250324,16608200,,,468.38982580114026,471.9029609841883,-3.513135183048064,-7.095512069501066,66.78630207746605
2024-05-17,470.1946716308594,471.08142078412743,466.7173670611054,469.11858026391644,10807300,,,468.6674943903278,471.77642103208984,-3.108926641762025,-6.298194983953258,74.60858201696851
2024-05-20,467.1358337402344,471.4800016099991,465.3423886311172,468.2418148692893,11745100,,,468.4318542903134,471.43267382528575,-3.0008195349723223,-5.638719894157071,74.03357953247544
2024-05-21,462.9411315917969,468.9890751811332,460.58969409195197,465.42207101594107,11742200,,,467.5871277213108,470.8036706968791,-3.216542975568302,-5.154284510439318,66.81650448521376
2024-05-22,466.0796813964844,471.9980927279,463.9574187949519,466.16935060979057,10078600,,,467.3552129021067,470.4537455635165,-3.09853266140982,-4.743134140633419,67.10356712612736
2024-05-23,464.08697509765625,472.63577501421946,459.86239643933766,471.16117399926424,11747900,,,466.8524070860374,469.9821329364157,-3.1297258503783496,-4.420452482582405,60.158836370710056
2024-05-24,476.48175048828125,478.10583057251955,464.6050643409165,465.9202736564943,12012300,,,468.33384453253643,470.46358608840575,-2.129741555869316,-3.9623102972397874,59.39468091306816
2024-05-28,478.17559814453125,479.1121534544574,473.11404592217065,474.8477116327239,10175800,,,469.8479604728433,471.0348462407113,-1.1868857678680342,-3.407225391365437,58.86463657640083
2024-05-29,472.6357727050781,478.10583822576746,471.97819844341495,472.9347005033955,9226200,,,470.27685466241786,471.15343338622,-0.8765787238021403,-2.9010960578527776,51.311888523149996
2024-05-30,465.3523254394531,470.0153373933379,463.0208346658362,469.95555791760296,10735200,,,469.51923478196176,470.7237216864595,-1.2044869044977418,-2.5617742271817705,44.15255833062293
2024-05-31,465.1331481933594,467.41483299195215,452.80811566012204,464.10689326409187,16919800,,,468.8444522298691,470.309605131415,-1.4651529015459346,-2.3424499620546033,43.40233506268989
2024-06-03,475.7543640136719,477.85671019560755,466.5379867971225,469.1484585058271,11279400,,,469.9075155812233,470.71292060417477,-0.8054050229514473,-2.035040974233972,56.450710659856156
2024-06-04,475.2561950683594,477.1493131464151,471.5098828447324,475.26616844981777,7088700,,,470.730389348475,471.04945945337363,-0.3190701048986284,-1.6918468003669036,53.66407713570801
2024-06-05,493.260498046875,494.84471488804246,482.1510333966867,482.68907905808396,15690500,,,474.19655991745964,472.6947215714108,1.501838346048828,-1.0531097710837574,58.60927785226103
2024-06-06,491.96527099609375,500.99233691067286,489.1057078527464,491.1881073877741,10667300,,,476.93020777571104,474.12216967694286,2.8080380987681792,-0.2808801971133701,64.35465494791667
2024-06-07,491.16815185546875,497.09653661265514,488.3883150022529,494.10744118684374,9380700,,,479.12066071105835,475.38483502350033,3.7358256875580196,0.5224609798209079,64.8260398154584
2024-06-10,500.77313232421875,500.8329118009078,491.61653412930673,492.06488020447483,11236900,,,482.4518101900061,477.26544963836835,5.186360551637733,1.455240894184273,71.76381292978134
2024-06-11,505.62542724609375,505.75495958151856,496.4588556425314,498.34200038373547,9673700,,,486.0169820447888,479.3661887204221,6.650793324366703,2.494351380220759,77.38432411372095
2024-06-12,506.9904479980469,512.1416692910807,502.63633708271516,512.1217225274808,11983200,,,489.2436691145208,481.4124301483943,7.831238966126477,3.5617288974019026,76.85769008847288
2024-06-13,502.2676696777344,507.50852960132505,499.537608536514,503.8718029468352,9954600,,,491.24736150886133,482.9572627061232,8.290098802738157,4.507402878469154,74.19802184718114
2024-06-14,502.8262023925781,505.80828233509834,499.42522020615223,501.32018749550235,10243300,,,493.0287216448178,484.42903601623095,8.599685628586826,5.325859428492689,69.64363813772334
2024-06-17,505.2896423339844,509.3987374114916,494.6977439414019,500.3427732497189,11266600,,,494.91501713545875,485.9742661138423,8.94075102161645,6.048837747117441,69.98808102741634
2024-06-18,498.1685485839844,504.6613355859566,493.71037311736205,503.2251427888674,13060400,,,495.41556043523195,486.8775462968158,8.538014138416145,6.546673025377182,68.39356960008301
2024-06-20,500.3727111816406,502.3375005534766,495.45573089177043,500.67190532482755,11801200,,,496.17819901160254,487.8771881401362,8.30101087146636,6.897540594595019,77.22037835099086
2024-06-21,493.47100830078125,502.1180843319888,491.08734711442,502.1180843319888,23130700,,,495.7617081330146,488.29154518907285,7.470162943941773,7.0120650644643705,69.95341785077467
2024-06-24,497.590087890625,506.4565526889867,492.98231542757276,497.879329189251,13525300,,,496.04299732649315,488.9803261299285,7.062671196564622,7.022186290884422,66.9248437052789
2024-06-25,509.2491760253906,509.3588704025715,494.18911810475925,495.73500529039063,12109800,,,498.07471712632355,490.4817224184813,7.5929947078422515,7.1363479742759885,72.46168203794612
2024-06-26,511.7624816894531,512.4506586561395,503.34480817062513,505.3095975439335,8882300,,,500.1805270591127,492.0580749570718,8.122452102040882,7.333568799828968,65.37275845159027
2024-06-27,518.1854858398438,521.4967099840738,512.5404863257912,512.8895360407101,10121200,,,502.95052071768674,493.99343872616606,8.957081991520681,7.658271438167311,70.07501165923809
2024-06-28,502.88604736328125,520.4993300901835,502.5070478134148,515.7818631585335,15855100,478.455283203125,,502.9406017400859,494.6521504770635,8.28845126302241,7.784307403138332,57.34131096313552
2024-07-01,503.3448181152344,505.2397854135722,491.8652895125617,503.6141232864657,10328200,478.52265869140626,,503.00278887472416,495.29605178359463,7.706737091129526,7.768793340736571,51.8197165725954
2024-07-02,508.1520690917969,509.149423496295,498.12866950132707,499.4352013362723,7739500,479.0992724609375,,503.79498583119687,496.24834936198,7.546636469216878,7.7243619664326335,51.78898402613348
2024-07-03,508.6108703613281,509.92738554938944,504.68129136586316,505.0303715131761,6005600,479.67191040039063,,504.5358911435248,497.164091658228,7.371799485296776,7.653849470205462,51.16225213109472
2024-07-05,538.4816284179688,539.4391106295718,510.246556070779,510.246556070779,21354100,480.55560791015625,,509.75831226267,500.22464993672736,9.533662325942657,8.029812041352901,69.08842426506143
2024-07-08,527.919677734375,541.3739798552638,525.2567583321568,540.9151748824779,14917500,481.2798773193359,,512.5523684890861,502.27613347729385,10.276235011792267,8.479096635440776,61.965016866441815
2024-07-09,528.5978393554688,536.0580308916997,526.7926303012964,532.3379184075122,8753200,483.0563214111328,,515.0209024685296,504.22588946826977,10.795013000259814,8.942279908404583,61.306253854423225
2024-07-10,533.275390625,537.4543077142633,526.9621206539213,529.3856843777168,10983300,484.8882550048828,,517.8292852618328,506.37770436876826,11.451580893064488,9.444140105336565,67.44300225956113
2024-07-11,511.3435974121094,534.0433926014839,507.0250359475886,529.4854758280743,16458300,486.4941772460937,,516.8314871311061,506.74554829790463,10.085938833201453,9.572499850909544,54.557505138213244
2024-07-12,497.5501708984375,506.7457794296081,492.92246243757324,496.4431221547364,19750500,487.87305236816405,,513.8651307876186,506.06440923127747,7.800721556341102,9.218144191995856,51.602784398123084
2024-07-15,494.84735107421875,505.3395081572605,492.06472384159474,497.31081760153563,12539200,489.0181268310547,,510.9393185240186,505.2335160344583,5.705802489560256,8.515675851508735,48.91019494116261
2024-07-16,488.4942321777344,502.6167744833756,484.5048144790846,500.17324396821596,14075800,489.98652099609376,,507.48622831689795,503.99356908210837,3.492659234789585,7.511072528164906,41.39014445255793
2024-07-17,460.7677307128906,477.9023017376505,457.905328571596,477.9023017376505,28076600,490.1955328369141,,500.2987671470507,500.791655128833,-0.4928879817823031,5.910280426175464,32.505290303992
2024-07-18,474.5910949707031,477.97211054275687,463.31101919766354,473.74333764754465,19267200,490.40760803222656,,496.3437406583819,498.8508728948974,-2.507132236515531,4.226797893637265,35.76683572419107
2024-07-19,475.52862548828125,485.4223643535943,474.4514656631318,474.8005457997421,15149400,490.5874200439453,,493.14141524759714,497.1232990129258,-3.981883765328689,2.5850615618440744,40.14372849690892
2024-07-22,486.1105041503906,490.75817907426796,482.61976392504766,485.29266627846886,12023100,490.8919873046875,,492.0597366172577,496.3075364305158,-4.247799813258098,1.2184892868236403,44.21297985209402
2024-07-23,487.3971252441406,493.9098482730073,486.42969025653684,488.54407671929795,9455500,491.16609130859376,,491.3424117906243,495.6475059722658,-4.305094181641493,0.11377259313061361,42.86203975186988
2024-07-24,460.04962158203125,475.03985596857615,459.3614446582769,471.06042192526183,17649700,490.87770202636716,,486.5281363739177,493.0106256470632,-6.482489273145518,-1.2054797801246129,35.90572681403023
2024-07-25,452.21044921875,462.3236067182569,441.4789064419887,462.0343958650566,18240500,490.5957336425781,,481.24849219619955,489.98839035607705,-8.739898159877498,-2.71236345607519,21.289144463560632
2024-07-26,464.46795654296875,468.5271658214887,458.2045721245555,462.97192494204035,14222400,490.4823944091797,,478.6668713264717,488.09798785140237,-9.431116524930644,-4.056114069846281,29.11906191814279
2024-07-29,464.4779052734375,472.70607900562055,463.78972830816224,468.63688647936897,11339600,490.17615966796876,,476.48395347215876,486.3483521048865,-9.864398632727728,-5.217770982422571,28.80595322683665
2024-07-30,461.964599609375,471.4793693679955,455.49177911608064,465.7645175423859,11390400,489.98525390625,,474.2502067240382,484.54214821633013,-10.291941492291926,-6.232605084396441,26.08697431934138
2024-07-31,473.57379150390625,475.2393867973792,465.515181086415,469.7738735533383,24285800,490.05283630371093,,474.1461428440179,483.72967734874317,-9.583534504725264,-6.902790968462207,36.392386761822976
2024-08-01,496.42315673828125,525.7752886817411,490.79809389196134,519.621629234288,43083100,490.6385827636719,,477.5733757508276,484.66993508130156,-7.096559330473951,-6.941544640864556,49.61883431213682
2024-08-02,486.8486022949219,499.82416263155864,474.89030207489265,487.70631248838725,24044700,491.1167321777344,,479.00033368068824,484.83131783786604,-5.830984157177795,-6.719432544127204,47.41491457874833
2024-08-05,474.471435546875,482.20093240553325,449.60736639083,450.1559295912915,21396200,491.28456726074216,,478.30358012164004,484.06391914964445,-5.76033902800441,-6.527613840902645,45.63787671691932
2024-08-06,492.7828063964844,501.2303989457279,477.3836528207429,477.7327329300847,20955000,491.8584838867188,,480.531153394693,484.7097626494103,-4.178609254717344,-6.057812923665585,60.57870637406714
2024-08-07,487.62652587890625,508.80034027827065,485.57194781622036,501.79892335846426,20105300,492.08137939453127,,481.622749161495,484.9258191849285,-3.30307002343352,-5.506864343619172,54.56898113790408
2024-08-08,508.2817077636719,508.610821310526,493.4111505917444,496.1837944972908,16156800,492.6835015869141,,485.7241274079837,486.6558850055762,-0.9317575975924797,-4.591842994413834,60.08599929066937
2024-08-09,516.4002075195312,516.9687068327605,504.3621325984849,506.36679424679943,13696600,493.5587902832031,,490.4435243482218,488.85916815475804,1.5843561934637478,-3.3566031568383177,59.47111610791961
2024-08-12,514.5849609375,516.6494916340242,507.7530779259636,515.4925265619871,9767400,494.54344299316404,,494.157591515803,490.76478243496115,3.3928090808418574,-2.006720709302283,58.47319944357271
2024-08-13,527.1416625976562,530.0938534798205,516.7791968434872,518.634261382388,13743800,495.78361328125,,499.2320639899343,493.45936615071633,5.772697839217983,-0.45083699959823,73.03296883820163
2024-08-14,525.366455078125,532.5872917660244,521.7460534495959,526.663003726039,11444200,496.7758551025391,,503.25273954196365,495.8228542194133,7.429885322550376,1.1253074648314914,76.20585070167928
2024-08-15,535.908447265625,538.3419943932922,525.3065653122825,530.3830650287364,13482100,497.98890014648435,,508.2766945763731,498.7921574080215,9.484537168351551,2.7971534055355036,75.90976746574675
2024-08-16,526.0245971679688,532.2480783702886,523.2718895114789,530.4927859051207,14776700,498.64418212890627,,511.00714112892626,500.80937516801765,10.197765960908612,4.277275916610125,70.82968744964963
2024-08-19,527.8797607421875,530.2534081865273,521.3769906400114,525.4761025731007,9879700,499.36247192382814,,513.6029287617357,502.81458891425245,10.788339847483257,5.579488702784752,72.40796263520565
2024-08-20,525.33642578125,529.6849369159322,524.4886989518025,526.9521349229415,7944400,500.04583740234375,,515.4080821493533,504.4828731266226,10.925209022730655,6.6486327667739324,68.75268660280733
2024-08-21,533.744140625,537.9729743095602,525.5359335970294,525.7553832138777,13423300,500.7052575683594,,518.2290142225297,506.6503744227987,11.578639799731036,7.634634173365354,65.10087384817209
2024-08-22,530.5227661132812,542.7902141551943,527.1916362087563,535.5793606781577,15708300,501.2032043457031,,520.1203606672607,508.4186997332048,11.701660934055894,8.448039525503463,68.62928872035792
2024-08-23,526.6031494140625,538.4417418614877,523.6709248971505,535.4995340602896,11323900,501.59545837402345,,521.1177127821533,509.76569600586095,11.352016776292317,9.028834975661233,73.9660618794365
2024-08-26,519.7413330078125,526.6031363206736,513.5876732511208,526.2041702012604,9584000,501.944931640625,,520.9059620476394,510.50463208007955,10.401329967559832,9.303333974040953,63.851596832458426
2024-08-27,517.7266235351562,522.6236675283147,513.9466724281382,517.606945881941,6282700,502.24294006347657,,520.4168330457189,511.0395944100852,9.377238635633717,9.318114906359506,65.98171740268899
2024-08-28,515.4127807617188,519.7113753296502,511.09421962835097,516.3003798185057,9106100,502.4454028320313,,519.6469788481804,511.36353413983585,8.283444708344575,9.11118086675652,54.702070656926786
2024-08-29,516.8489379882812,525.8052213752129,514.3156798736528,517.6767591369255,8317400,502.8190106201172,,519.2165110235806,511.7698603508318,7.446650672748774,8.778274827954972,50.324477005914034
2024-08-30,519.9308471679688,522.1549281173368,513.837026073228,519.9707194315399,9157500,503.2101733398438,,519.326408891948,512.374377892842,6.952030999106,8.413026062185178,53.79607212914109
2024-09-03,510.40606689453125,524.0997225062756,507.27435965653467,518.2652239654169,12459100,503.54887451171874,,517.954048584653,512.2285770781523,5.725471506500753,7.875515151048293,37.58145542755381
2024-09-04,511.3834533691406,515.223304093467,502.73640830596844,504.7311169813553,8335200,503.8247418212891,,516.9431877822665,512.1659753219292,4.777212460337296,7.255854612906094,39.499672978389995
2024-09-05,515.4925537109375,520.2499534305978,509.79766890602514,510.36616818924125,8640900,503.949609375,,516.7200133097543,512.4123885359298,4.3076247738245,6.6662086450897755,33.02939594727603
2024-09-06,498.94647216796875,523.1921855093276,496.9318272475794,520.4993164684229,14744500,503.6932891845703,,513.9856223648642,511.4149132494142,2.570709115449972,5.847108739161816,29.735882426022968
2024-09-09,503.45452880859375,509.9772045756239,500.751676509204,504.82089944691495,11047800,503.3986700439453,,512.365454125438,510.82525514268673,1.5401989827512352,4.9857267878797,32.4192600311564
2024-09-10,503.45452880859375,512.8196706618348,498.70711219354445,506.81560821803276,9899000,503.41003967285155,,510.99454253823114,510.27927541423537,0.7152671239957726,4.131634855102915,33.65132667979377
2024-09-11,510.4758605957031,511.76245622202606,494.28881906904013,505.66863578869425,10782500,503.55266052246094,,510.91474531630377,510.29383727952927,0.6209080367744946,3.4294894914372307,32.24775540177389
2024-09-12,524.20947265625,525.3165823557075,513.85692863316,515.6821043146266,11993300,503.87380859375,,512.9600879839878,511.3246250852123,1.635462898775529,3.0706841729048904,45.8491609395679
2024-09-13,523.2320556640625,526.1842465755389,515.7419144489008,518.9634105254878,10321400,504.1662322998047,,514.5403907039993,512.206656979942,2.3337337240573106,2.9232940831353744,47.69438590983927
2024-09-16,532.3765869140625,533.1951441126126,516.5234847252611,523.6513423732874,9527600,504.04413146972655,,517.2844208901629,513.7007258639509,3.5836950262120126,3.055374271750702,58.38004747516945
2024-09-17,535.411376953125,541.1815528247878,529.6711185711189,536.6891766997394,11690800,504.19396545410154,,520.0731833613879,515.3089222409268,4.7642611204611285,3.3971516414927874,61.57242877740367
2024-09-18,537.0386962890625,543.278108456814,532.9955693907114,536.1601821813024,10323500,504.36278259277344,,522.6832622733378,516.9185351333813,5.7647271399565625,3.8706667411855427,64.27972082083639
2024-09-19,558.15283203125,561.1178323859846,545.5941870565406,549.0682722628771,15647000,504.86033142089843,,528.1401191591705,519.9729274961863,8.167191662984123,4.7299717255452585,71.64764072087681
2024-09-20,560.3989868164062,563.5436747416974,555.3575542597183,559.0512982379992,22066800,505.84143920898435,,533.1030218756682,522.9674504087952,10.135571466872989,5.811091673810806,71.39706508802412
2024-09-23,563.4537963867188,573.0075909949846,561.4571846215243,568.535200139111,12830700,507.15951171875,,537.7723718004452,525.9664389997525,11.80593280069263,7.010059899187171,80.10834561961667
2024-09-24,562.3756713867188,566.7881663385376,553.251140972108,565.7199717295323,12993000,508.510078125,,541.557494813718,528.6634191765648,12.89407563715315,8.186863046780367,78.9086394446484
2024-09-25,567.34716796875,575.9026560047768,562.764917527023,563.0943755026146,16543400,510.08713684082034,,545.5251368375691,531.52888205006,13.996254787509088,9.348741394926112,79.11287868611578
2024-09-26,566.8779907226562,576.421791707134,561.3972407130617,574.7545771548597,14400800,512.2093420410156,,548.8101912814286,534.1473345443264,14.662856737102175,10.411564463361325,96.54057806175359
2024-09-27,566.3988037109375,569.8729495717097,563.5536563544842,569.1341520453253,9398400,514.0454962158203,,551.5161316551992,536.5363322603716,14.979799394827523,11.325211449654564,95.64348758222235
2024-09-30,571.47021484375,573.706410244188,563.8431433708773,566.7382547675098,12792300,515.9643280029297,,554.5859906072839,539.1240272665478,15.46196334073602,12.152561827870855,95.94195585260896
2024-10-01,575.4933471679688,582.052223949219,569.1341437441329,577.0007987585797,15259300,517.7519848632812,,557.8025070012354,541.8180509629494,15.984456038285998,12.918940669953884,95.7706531486145
2024-10-02,571.839599609375,575.0241978646806,568.3755073868431,573.8861145161185,6524700,519.440834350586,,559.96205971018,544.0418693812032,15.920190328976787,13.519190601758465,89.07604178141868
2024-10-03,581.78271484375,582.3716811685491,567.7664618304881,569.1840999965109,11581000,521.8754962158204,,563.3190835768831,546.8374875636141,16.48159601326904,14.111671684060582,91.87506111274078
2024-10-04,594.930419921875,595.8388514800449,580.4449915774629,582.7410829589448,14169500,524.7298956298828,,568.1823660914973,550.3999269975593,17.782439093938024,14.845825166036072,92.31510505263367
2024-10-07,583.7893676757812,601.9285692599291,583.0505701091017,597.2065408042621,12014200,527.116323852539,,570.5834432583102,552.8732188996498,17.710224358660412,15.418705004560941,79.49137722545719
2024-10-08,591.8855590820312,592.5544069282686,584.9772388569517,588.6909682347708,7857400,529.6644769287109,,573.860691846575,555.7630218761226,18.097669970452444,15.954497997739242,80.99062567465691
2024-10-09,589.5095825195312,593.383013995398,580.6246363035814,592.9836672926635,9529700,532.2153765869141,,576.2682134885683,558.2627671089678,18.005446379600585,16.36468767411151,72.47754428795814
2024-10-10,582.8408813476562,589.2300017888213,581.5331032114448,586.5745352205768,7740400,534.400718383789,,577.2793931591973,560.0833681636853,17.196024995511948,16.5309551383916,65.12790636437845
2024-10-11,588.9505615234375,590.2084366715601,581.722836757389,583.8392403320302,8587100,536.2512664794922,,579.0749575229265,562.2216787829263,16.853278740000178,16.595419858713317,66.50731240837263
2024-10-14,589.419677734375,599.0832703101336,588.9604960748801,593.21322748736,8252000,538.3026879882813,,580.6664529400724,564.2363453719225,16.43010756814988,16.562357400600632,67.64820920597418
2024-10-15,585.2767944335938,589.609407732317,579.1571746540536,589.1601579101996,9564200,540.5187951660156,,581.375736246768,565.7948971542686,15.580839092499446,16.366053738980398,61.82832284151298
2024-10-16,575.8128051757812,581.0938820809059,573.0575322321221,580.4150414195622,11268400,542.1793951416016,,580.5199006973854,566.5369644151214,13.982936282264063,15.889430247637133,55.26904570623959
2024-10-17,575.9525756835938,583.9789326282403,574.2255260943747,582.3417573737693,8701200,543.9459161376953,,579.8172353106482,567.2344171016749,12.582818208973322,15.228107839904371,55.65670283635606
2024-10-18,575.4933471679688,582.9806410828543,574.2754432717226,580.1155081526317,7694300,545.2901489257813,,579.152021750236,567.8461896991782,11.305832051057791,14.443652682135056,52.519676912550025
2024-10-21,574.1856079101562,576.2621012910602,568.1458692618588,575.0541901204554,8171900,546.4458569335937,,578.3879580825314,568.3157762333248,10.072181849206686,13.569358515549384,49.152127871748355
2024-10-22,581.0239868164062,582.5414311786456,571.150727517959,573.3170341117068,8544500,547.7746374511719,,578.793500964666,569.2571251654049,9.536375799261123,12.762761972291733,55.7185452837402
2024-10-23,562.7350463867188,584.0089423449544,561.5470599470716,578.9874344994295,14248400,548.4865051269531,,576.3229694911356,568.7740082188355,7.548961272300062,11.7200018322934,39.2567357760885
2024-10-24,566.818115234375,567.9162272782188,560.568710969321,566.1691920700792,7184700,549.3155383300781,,574.8606842208648,568.6291272570237,6.231556963841058,10.622312858602932,32.3381260756061
2024-10-25,572.27880859375,580.3051654129531,570.7513714491723,572.9576492363118,11337900,550.0429455566406,,574.463472585924,568.8994740227072,5.563998563216842,9.610649999525714,42.21253021640188
2024-10-28,577.1804809570312,582.7610374446309,573.147347275715,581.0140022146043,10925100,551.0660632324219,,574.8814738737867,569.5128819437683,5.368591930018397,8.76223838562425,39.60181612588583
2024-10-29,592.2749633789062,592.6642563781992,574.4252487176307,579.1672018209299,13019100,552.3539672851563,,577.5573953361128,571.1989620500748,6.358433286038007,8.281477365707003,51.657338922663854
2024-10-30,590.79736328125,600.18146222204,588.3814802937598,599.961803260404,26864900,553.6631860351563,,579.5943134815185,572.6506954746062,6.943618006912288,8.01390549394806,55.08484294829538
2024-10-31,566.6184692382812,588.9006638234266,562.0562040483729,584.0089406317576,26838400,554.3206726074219,,577.5980297517897,572.2038639015451,5.394165850244576,7.489957565207364,38.40571397788812
2024-11-01,566.1990966796875,572.6980772551971,561.6069143240354,566.6483464807679,15303200,555.03419921875,,575.844347740697,571.7590663295557,4.085281411141295,6.809022334394151,37.93820185533934
2024-11-04,559.7301635742188,567.7266038519388,556.9449119547328,563.144352806453,12064600,555.6967395019532,,573.3652424843157,570.8680364958271,2.497205988488531,5.946659065213027,37.04305402493839
2024-11-05,571.460205078125,572.5084140245058,565.7099536866323,566.3388912408113,9775400,556.7311169433593,,573.0721598064401,570.9119008352567,2.1602589711834526,5.189379046407113,47.84201725224187
2024-11-06,571.0808715820312,572.0292743628759,554.229463302176,561.7966390012363,18305400,557.7982019042969,,572.7658077719157,570.9244171868696,1.8413905850460424,4.519781354134899,47.59037381236445
2024-11-07,590.6976318359375,593.7923558507847,574.2355767751123,575.9127234281675,14653700,559.3038989257813,,575.5245499356113,572.3890997534672,3.135450182144041,4.242915119736728,56.322162885403806
2024-11-08,588.3416137695312,592.0951926933623,583.5297721190619,590.5378379587844,9415700,560.7337524414063,,577.4964059100605,573.5707674583609,3.9256384516995695,4.179459786129296,55.835401482626544
2024-11-11,582.1820068359375,586.00553531121,575.5333166694651,585.366604942105,10209100,561.9787756347656,,578.2172675909646,574.2086370418851,4.0086305490794985,4.145293938719337,50.48004643341669
2024-11-12,583.8292236328125,598.6440480490492,579.3967433041139,587.5428920783899,16287700,563.4472387695313,,579.0806454435566,574.9212730856575,4.1593723578990875,4.148109622555287,60.14399722924206
2024-11-13,579.0173950195312,584.6478546567904,574.1955606863224,581.6229586734983,10757600,564.799917602539,,579.0709146090912,575.2246895252036,3.846225083887589,4.0877327148217475,55.825689544112464
2024-11-14,576.1821899414062,579.7761276375875,572.0392571340474,576.0224878119504,11053700,566.0137103271485,,578.6264954294473,575.2956154819594,3.330879947487915,3.9363621613549813,51.911979522000635
2024-11-15,553.141357421875,571.6000240070317,550.5657111050427,570.252274465218,17712900,567.0976080322266,,574.705704966744,573.6545593293606,1.0511456373833425,3.3593188565606535,40.001705911949564
2024-11-18,553.4608154296875,558.9514978806496,549.1581194372038,556.0962966980143,14346700,568.0977337646484,,571.4372604225814,572.1587264479033,-0.7214660253218881,2.543161880184145,31.594393669173698
2024-11-19,560.1394653320312,560.4788552047905,549.6671856118743,550.9250607524925,9522400,569.2314324951171,,569.6991381009583,571.2684108096906,-1.569272708732342,1.720674962400848,36.14547091425731
2024-11-20,564.5619506835938,565.390500678348,553.2611210117975,561.9763116905509,9797300,570.313154296875,,568.9088015752098,570.7716359855353,-1.8628344103254904,1.0039730878555804,48.868624216961976
2024-11-21,562.1360473632812,569.0343137249589,548.1197947446825,568.555146432614,11154700,571.0716857910156,,567.8668393887593,570.1319627542573,-2.2651233654979706,0.35015379718487016,47.81303159702671
2024-11-22,558.1927490234375,562.8748059092092,553.650469580645,562.5952510232509,9164000,571.7708996582031,,566.3785177940944,569.2475765519744,-2.8690587578799978,-0.29368871382810346,49.149346162652556
2024-11-25,564.152587890625,571.6199568654145,555.4473903786079,561.1476776202871,13599800,572.4064196777343,,566.0360670397145,568.870169984467,-2.8341029447525443,-0.8017715600129917,45.68089533544777
2024-11-26,572.5682983398438,576.5216113243557,564.2424619188627,565.0410943888924,10356600,573.1495581054687,,567.0410257012728,569.1441054181987,-2.1030797169258904,-1.0620331913955714,50.80286170616513
2024-11-27,568.2356567382812,574.0058324070926,563.1442607498313,573.9160190095296,7200200,573.7734973144532,,567.2248150915818,569.07681292339,-1.8519978318081485,-1.2200261194780868,35.48005533105916
2024-11-29,573.3470458984375,577.4800469055187,565.9396332575727,568.0360512532919,7130500,574.0773815917969,,568.166696754175,569.3931264770972,-1.226429722922262,-1.221306840166922,40.64056993732975
2024-12-02,591.82568359375,593.4928373290564,574.5949145977398,576.5216376072835,12522400,574.7059155273438,,571.8065408833404,571.054797374627,0.751743508713389,-0.8266967703908599,55.21713576268276
2024-12-03,612.6104125976562,613.1594686318281,590.2483370618503,593.9919840199593,14907200,575.6890478515625,,578.0840596086198,574.1329910948514,3.951068513768405,0.12885628644099312,62.89935108099369
2024-12-04,612.7401733398438,616.7333966061125,604.0748252320993,611.9215552584485,14697000,576.696337890625,,583.4157694134235,576.9927823722581,6.4229870411653565,1.3876824373858658,65.77621583714904
2024-12-05,607.8983764648438,618.8498233695451,606.0215565844734,616.0345935489895,8081200,577.5073620605468,,587.1823243444112,579.2820856383756,7.900238706035566,2.690193691115806,64.56405754792391
2024-12-06,622.7132568359375,628.7230165931262,607.4990854973933,609.0663720551125,16935500,578.6240673828125,,592.6486216507999,582.4992094307877,10.14941222001221,4.182037396895087,84.5581494057725
2024-12-09,612.530517578125,625.3387984829403,605.143030037455,622.8629585822455,11426000,579.5467016601563,,595.7073748703884,584.7237507750349,10.983624095353548,5.542354736586779,76.72294013695604
2024-12-10,618.2708129882812,624.5302104357933,611.7019431511976,616.5137848674528,10938900,580.4827136230468,,599.178673042372,587.2087183463865,11.969954695985507,6.827874728466524,76.52362169201069
2024-12-11,631.608154296875,637.318495591936,620.4770803388628,622.3139290288647,10837200,581.605009765625,,604.1678240046032,590.49756545383,13.670258550773156,8.19635149292785,78.28978509771119
2024-12-12,629.7213745117188,635.5814254356923,626.1474831596408,630.4301936561714,7474700,582.7626452636719,,608.0991394672363,593.4030327914514,14.696106675784904,9.49630252949926,78.64760065692047
2024-12-13,619.299072265625,630.0109365523356,615.8449726718511,626.1574292737397,8453300,583.5129724121093,,609.8222060516039,595.3212579376865,14.500948113917389,10.497231646382886,74.55275293480597
2024-12-16,623.6851196289062,630.5890116598864,618.0301774865133,629.420007736044,10885600,584.08806640625,,611.9549619865735,597.4222847296287,14.532677256944794,11.30432076849527,74.22679644176588
2024-12-17,618.889404296875,631.8079039629248,615.9919576111723,625.613402725808,12897800,584.7900671386719,,613.0217992650814,599.0124417346099,14.009357530471561,11.845328120890528,69.42265258270031
2024-12-18,596.6591796875,626.8023454819172,595.7899578806528,620.4480133143085,17075500,584.8855395507812,,610.5044731762227,598.8381260274166,11.666347148806153,11.809531926473653,60.36275921306485
2024-12-19,595.0405883789062,610.9764221710803,594.4710877502442,609.8474217814187,14958100,584.9961596679688,,608.1254139766356,598.5568269423417,9.568587034293955,11.361342948037713,58.115813033544484
2024-12-20,584.7297973632812,602.5739077699969,579.4844638542556,590.0550768385264,48989400,585.0339379882812,,604.5260883438119,597.5326025290778,6.993485814734072,10.487771521376985,47.17254804107404
2024-12-23,599.3167724609375,600.5557214561685,585.7288858135305,589.0758836258183,10205800,585.2412622070312,,603.724655131062,597.6647632647712,6.0598918662908545,9.60219559035976,44.427746676265755
2024-12-24,607.2097778320312,607.4495547417749,598.7473359909974,602.18421967186,4726100,585.5970642089844,,604.2608278542881,598.3718013808646,5.889026473423542,8.859561766972517,47.82349273088368
2024-12-26,602.8136596679688,605.7610496183185,598.4076065348586,604.9417711960614,6081400,585.9478015136718,,604.0381865948543,598.7008279206501,5.337358674204211,8.155121148418855,47.99184666799084
2024-12-27,599.27685546875,601.3150202583132,589.2757431165518,598.8771866170372,8084200,586.4170825195313,,603.3056741139152,598.7434966279168,4.562177485998404,7.436532415934765,39.8388643551822
2024-12-30,590.7144165039062,596.4093617724204,585.059474705781,588.226639708199,7025900,586.7123193359375,,601.3685575585292,598.1487499520641,3.2198076064651104,6.593187454040835,40.406577426691584
2024-12-31,584.9895629882812,593.4420040553556,583.3310043759192,591.7435639321293,6019500,586.9022436523437,,598.8487122400295,597.1739953621543,1.6747168778751984,5.609493338807708,35.36289958897579
2025-01-02,598.7073364257812,604.3722793886026,587.2975045360681,589.1957790711948,12682300,587.3926782226563,,598.8269621147606,597.2875761816822,1.5393859330783926,4.795471857661846,35.57847222185063
2025-01-03,604.092529296875,608.9581953145173,595.8798046163633,604.2224186140523,11436800,587.8540490722656,,599.6370493735475,597.7916467828077,1.845402590739809,4.205458004277439,39.10030811721434
2025-01-06,629.6398315429688,630.429107364017,605.0816634693568,611.2861653941472,14560800,589.1921447753906,,604.2528620149969,600.1507715798567,4.102090435140212,4.184784490449994,53.89653191341582
2025-01-07,617.3407592773438,631.5380886830453,607.6893121042956,631.1384808399608,12071500,590.20259765625,,606.2663846707426,601.4241040018928,4.842280668849753,4.316283726129946,47.74390429184736
2025-01-08,610.1771240234375,615.8920714343907,602.2541800285583,612.8547955325016,10085800,590.9605639648438,,606.8680368788495,602.0724758553406,4.795561023508867,4.41213918560573,46.95316815697645
2025-01-10,615.3125610351562,629.3500601048015,596.8090645204555,609.4877870994305,19256600,591.7232055664062,,608.1671944413582,603.0532229056973,5.11397153566088,4.55250565561676,57.4093100948659
2025-01-13,607.789306640625,608.4286914350151,597.9180835402799,606.5603584516555,10785000,592.0334924316406,,608.10905785663,603.4040439230995,4.705013933530495,4.583007311199507,54.8370244084762
2025-01-14,593.7218017578125,604.9518013433293,588.0268559982835,604.5321917343676,13598000,592.0919812011718,,605.8956338414273,602.6868407997449,3.2087930416823838,4.308164457296082,53.317119058737504
2025-01-15,616.5714721679688,621.9067525765506,605.9609165618788,609.6676409065044,15524300,593.0910412597656,,607.538070507049,603.7153320122059,3.822738494843179,4.211079264805502,55.9994618117674
2025-01-16,610.756591796875,615.7022038454446,609.1680393269272,610.9564262093133,8355300,593.9821911621094,,608.0332276285608,604.2369068110703,3.796320817490482,4.128127575342498,51.2513108283574
2025-01-17,612.225341796875,624.4144487016482,603.1333939973155,623.4952835439785,17280600,595.0320947265625,,608.67816826984,604.8286427359448,3.8495255338951893,4.072407167053036,53.39045919536263
2025-01-21,615.9120483398438,620.9475463117574,608.4686584766922,617.2808256632173,11674000,595.9211315917969,,609.7910728959944,605.649635743641,4.141437152353319,4.086213164113093,55.98618756256866
2025-01-22,622.94580078125,633.1367466870842,618.8794110911601,622.745966355468,12274000,596.9584301757812,,611.8148771860338,606.9308331538343,4.8840440321994265,4.24577933773036,61.72751551997754
2025-01-23,635.88427734375,636.0341074215171,620.597889576449,626.8023305338492,9910200,597.8621630859375,,615.5178618256824,609.0755327234577,6.442329102224676,4.685089290629223,67.59462720302358
2025-01-24,646.9144287109375,651.4204294754496,633.6362643025149,635.8343208926308,19065300,599.0336193847656,,620.3481028849525,611.8784139077155,8.469688977236956,5.44200922795077,66.98105053863357
2025-01-27,659.29345703125,663.2799006811211,624.5443426754407,626.0530102379722,28399200,600.5758483886718,,626.3396958305367,615.3906393242737,10.949056506262991,6.543418683613215,68.53155937601683
2025-01-28,673.7305908203125,681.9732572201489,658.8837538443346,665.4079784595224,20950100,602.3738757324219,,633.6306027520407,619.7121172128691,13.91848553917157,8.018432054724887,65.99491179785358
2025-01-29,675.888671875,680.4446161433896,665.0782822378817,674.4000060630054,21377800,604.3113012695312,,640.1318441555728,623.8733434841381,16.258500671434717,9.666445778066853,72.92643695193391
2025-01-30,686.3893432617188,710.1581749857351,675.4990076007216,696.200621832455,29322900,606.5154443359374,,647.2483824795952,628.5041582824774,18.744224197117774,11.482001461877037,79.08341636818375
2025-01-31,688.5673828125,704.6730489182394,684.9706072332008,690.3857723381032,19331700,609.22396484375,,653.6051517615805,632.953286025442,20.65186573613846,13.31597431672932,78.60039509397184
2025-02-03,696.840087890625,703.3742528890535,674.649807192235,675.3091937227201,21415700,612.0915502929688,,660.2566803968181,637.6856417191593,22.57103867765875,15.166987188915208,84.56522913375605
2025-02-04,703.5640869140625,707.0809776947289,690.995251505304,701.8755866223114,13826300,614.9600427246094,541.5141995239258,666.919358322548,642.5655265484114,24.35383177413655,17.004356105959477,95.212988858395
2025-02-05,704.2434692382812,717.5016936715592,698.3886925528532,702.9246352066622,17778200,617.7536730957031,542.5355366516113,672.6615292326608,647.1342630439573,25.527266188703493,18.70893812250828,94.1442321876383
2025-02-06,711.3571166992188,718.2610086889607,702.8746730458445,705.2525623903425,13080700,620.7380944824218,543.6957153320312,678.6146965352082,651.8915114628655,26.72318507234263,20.31178751247515,100.0
2025-02-07,713.8848876953125,724.3655534509123,711.1173304150035,716.162829309228,16427100,623.8519372558594,544.8652449035644,684.0408797906089,656.4836134060098,27.557266384599075,21.760883286899936,100.0
2025-02-10,716.7623291015625,720.558939093694,710.697717393577,717.9212711485029,12904300,626.9041320800782,545.9775727844238,689.074948915371,660.9487034575322,28.126245457838763,23.033955721087704,100.0
2025-02-11,719.16015625,723.0167104534308,709.4088221751414,712.6859358478964,12998000,629.8359692382812,547.1148425292969,693.7034423514677,665.260662923641,28.442779427826736,24.11572046243551,100.0
2025-02-12,724.7352294921875,726.4536713486742,711.9665601009159,714.6641723225413,12016500,632.9659606933594,548.5396405029297,698.4775634500401,669.6661863731629,28.811377076877193,25.054851785323848,100.0
2025-02-13,727.9124145507812,728.3520258945355,717.4017457743258,720.8786940316196,12569100,636.0572680664062,549.9708090209961,703.0060020809233,673.9807217937272,29.025280287196097,25.8489374856983,100.0
2025-02-14,736.0151977539062,740.2514192957425,724.9750316832167,725.4945889979003,16901200,638.9410583496094,551.4956475830078,708.0843398767668,678.5758681611479,29.50847171561884,26.58084433168241,100.0
2025-02-18,715.7332153320312,736.3448822468013,705.8120494058986,735.3457711447024,21938700,641.0035144042969,552.9312815856933,709.2610899468075,681.32826424788,27.932825698927445,26.85124060513142,75.43560587860028
2025-02-19,703.1444702148438,706.37157970015,694.7719139390767,703.4741329865286,17535500,642.8116003417969,554.2590357971192,708.3200715265054,682.9442795046922,25.375792021813254,26.556150888467787,64.6540878026498
2025-02-20,694.222412109375,705.0027993686539,693.0234665438812,696.6602457328806,12587400,644.5380810546875,555.5297752380371,706.1512008469468,683.7796967346686,22.371504112278217,25.719221533229874,54.284174888152855
2025-02-21,682.9423828125,703.2443277596083,681.7534381597311,695.9608297659651,15660400,645.7426635742188,556.6929014587403,702.5806134570319,683.7176734811746,18.862939975857216,24.347965221755345,47.202066875944936
2025-02-24,667.5361328125,686.6591347238324,661.8611888382964,685.6700244492644,15677000,646.8427758789062,557.7106454467773,697.1891548963347,682.5190408390505,14.670114057284195,22.412394988861116,36.38977302492451
2025-02-25,656.9155883789062,667.406255569748,641.2894751849396,665.3780306420172,20579700,647.6156713867188,558.6625332641602,690.993221585961,680.6224888049658,10.37073278099524,20.00406254728794,29.090902127161314
2025-02-26,673.1011962890625,682.4029186886339,657.4151389833991,659.0636967789872,14488700,648.4455322265625,559.6736285400391,688.240602309515,680.06535602601,8.175246283504976,17.638299294531347,37.744757772609994
2025-02-27,657.6549072265625,688.0379111520425,656.9855198372225,681.8434098860729,12500000,649.0042028808593,560.5934434509277,683.5351107582915,678.4053227816065,5.129787976684952,15.136597030962069,30.16752598814456
2025-02-28,667.6060791015625,669.034800720811,642.0287972080544,657.4550757218477,17534200,649.9703430175781,561.5591284179687,681.08449050341,677.6053788053069,3.479111698103111,12.805099964390278,33.79740906246903
2025-03-03,654.4677124023438,680.6444353602695,650.2614937084818,673.0811570323929,10843800,650.5859948730468,562.4999226379394,676.9896015647844,675.8914775902726,1.0981239745117364,10.46370476641457,29.652112092562774
2025-03-04,639.4310913085938,649.1724243402481,623.0956495401799,644.9362031172728,21495200,650.9968286132812,563.346403503418,671.2113692176781,673.1907082360742,-1.9793390183961037,7.975096009452437,25.943587509120505
2025-03-05,655.886474609375,658.9138106981253,637.09319610967,640.4302542191028,13770000,652.1813745117188,564.226887664795,668.853693124093,671.908913152615,-3.055220028522058,5.769032801857538,30.506376801576053
2025-03-06,627.371826171875,649.9817152601623,623.5552144493282,647.4239932814962,13446500,652.8279992675781,565.0061973571777,662.4718674391363,668.6098696725602,-6.13800223342389,3.3876257948012523,25.105148092946834
2025-03-07,625.1038208007812,634.2257099756501,600.0761000698269,624.8141005363861,21375700,653.6354797363281,565.7807431030274,656.7229371870817,665.3871993857617,-8.664262198680035,0.9772481961049948,21.72008993934324
2025-03-10,597.4584350585938,609.5676566741505,586.3483245399041,607.5294919896663,21999900,653.5983129882812,566.4323561096191,647.6053214750067,660.3554390652308,-12.750117590224136,-1.7682249611608314,20.934016584500128
2025-03-11,605.171630859375,614.3834063038594,592.8026300616355,594.5210719524441,17401500,653.5575500488281,567.143508605957,641.0770613802941,656.2677495685008,-15.19068818820665,-4.452717606569996,25.332086711521697
2025-03-12,619.00927734375,632.7670568528157,608.8083309497569,629.3401130606143,15747000,653.8814624023438,567.9081565856934,637.6820176823643,653.5078627370377,-15.825845054673437,-6.727343096190684,31.520036711226012
2025-03-13,590.114990234375,619.9484328172048,585.988656544404,619.6986550441117,16480300,653.6982250976563,568.538296661377,630.3640134595968,648.8120944035072,-18.44808094391044,-9.071490665734636,29.009098683255303
2025-03-14,607.5999755859375,608.8599853515625,594.780029296875,602.7999877929688,12364500,654.0359362792968,569.1938877868653,626.8618537867261,645.759344861465,-18.897491074738923,-11.036690747535493,36.5729685679751
2025-03-17,604.9000244140625,613.0999755859375,598.0,607.4600219726562,15473900,654.4341455078124,569.8275099182129,623.4831108063163,642.7327285320279,-19.249617725711573,-12.67927614317071,37.91861602848192
2025-03-18,582.3599853515625,600.25,574.6599731445312,600.0499877929688,20297700,654.1071984863281,570.3761309814453,617.1564761209695,638.260673481623,-21.10419736065353,-14.364260386667276,29.528299808323595
2025-03-19,584.0599975585938,592.3200073242188,574.77001953125,584.280029296875,20537500,653.7065478515625,570.969669342041,612.0647101882963,634.2458085984357,-22.181098410139384,-15.927627991361698,32.29867808841185
2025-03-20,586.0,610.2000122070312,579.510009765625,582.760009765625,24336500,652.8337512207031,571.5740036010742,608.0547547747123,630.6720449985515,-22.61729022383929,-17.265560437857218,29.58506049203487
2025-03-21,596.25,597.5399780273438,580.9500122070312,583.4199829101562,25015900,652.4119360351563,572.1764817810058,606.2386386555258,628.1222638875477,-21.883625232021814,-18.189173396690137,35.22244287293215
2025-03-24,618.8499755859375,622.5399780273438,612.2000122070312,614.969970703125,15741300,652.5853930664063,572.8944506835937,608.1788443371277,627.435427717058,-19.256583379930362,-18.402655393338183,44.96901297161261
2025-03-25,626.3099975585938,633.8800048828125,621.1799926757812,626.760009765625,15312500,652.805341796875,573.5596981811524,610.9682525250455,627.3520625201347,-16.383809995089223,-17.99888631368839,42.437546447864
2025-03-26,610.97998046875,626.75,606.6099853515625,624.8900146484375,12609800,652.8691552734375,574.1547717285156,610.9700568240769,626.1393157015136,-15.169258877436732,-17.43296082643806,45.505722520988385
2025-03-27,602.5800170898438,614.25,600.0999755859375,602.0,10436500,653.0463195800781,574.7118310546875,609.6792814803488,624.3941824710196,-14.714900990670799,-16.88934885928461,44.025373100498335
2025-03-28,576.739990234375,601.75,573.9199829101562,600.3099975585938,17602800,652.2496899414062,575.0916653442383,604.6116982117373,620.8642423053421,-16.252544093604797,-16.761987906148647,44.451113876964
2025-03-31,576.3599853515625,578.7000122070312,553.2999877929688,563.5,21124700,651.5617578125,575.4453381347656,600.2652808486336,617.5676306791363,-17.30234983050275,-16.870060291019467,41.96807033591689
2025-04-01,586.0,589.9099731445312,570.0,570.8400268554688,12836600,651.0372509765625,575.8403858947754,598.0706222565361,615.2292876658669,-17.15866540933075,-16.927781314681724,40.5773552952983
2025-04-02,583.9299926757812,592.6599731445312,573.3599853515625,574.9099731445312,13470800,650.3976098632812,576.2486975097656,595.8951407825739,612.910821370305,-17.01568058773114,-16.94536116929161,47.91519309589145
2025-04-03,531.6199951171875,552.5599975585938,530.2999877929688,546.219970703125,34777500,648.57109375,576.3926664733887,586.0066568340529,606.889278684889,-20.882621850836017,-17.73281330560049,29.25858094287902
2025-04-04,504.7300109863281,518.0,494.20001220703125,506.6199951171875,38589800,645.9480084228516,576.3898683166503,573.5025574728645,599.3219255220326,-25.819368049168133,-19.35012425431402,25.845193876705494
2025-04-07,516.25,539.3699951171875,481.8999938964844,485.1000061035156,36606100,643.3347198486329,576.4802755737305,564.6944717078085,593.1684495574376,-28.473977849629136,-21.174894973377047,33.163556359975885
2025-04-08,510.45001220703125,547.4299926757812,502.8599853515625,543.25,28034200,640.3578509521484,576.5306620788574,556.3491702461504,587.041157901852,-30.69198765570161,-23.078313509841962,31.63698347516403
2025-04-09,585.77001953125,587.8900146484375,502.1099853515625,509.2699890136719,39216600,638.5986395263672,576.9921571350097,560.8754547515504,586.9469995040297,-26.071544752479326,-23.676959758369435,49.95800363923878
2025-04-10,546.2899780273438,581.2999877929688,535.2999877929688,575.489990234375,28173500,636.0066656494141,577.2356565856934,558.6315352555185,583.9353682835344,-25.3038330280159,-24.00233441229873,41.75686121754487
2025-04-11,543.5700073242188,547.4000244140625,528.5900268554688,535.510009765625,17642300,633.1502789306641,577.4072607421875,556.3143771122417,580.9453415458073,-24.630964433565623,-24.12806041655211,36.70716923738827
2025-04-14,531.47998046875,557.77001953125,528.280029296875,556.1699829101562,14130900,630.008530883789,577.505848236084,552.4937007055506,577.2812407252846,-24.787540019734024,-24.259956337188495,33.52444417486436
2025-04-15,521.52001953125,537.9400024414062,517.5,532.1099853515625,15558700,626.5021295166016,577.522520904541,547.7285189864274,573.1507798960969,-25.42226090966949,-24.492417251684696,34.161892509221076
2025-04-16,502.30999755859375,513.3699951171875,495.6300048828125,508.510009765625,18735100,622.4770477294921,577.5196406555176,540.741054151376,567.9033145377633,-27.16226038638729,-25.026385878625216,32.90249883385256
2025-04-17,501.4800109863281,507.29998779296875,498.010009765625,505.25,14593500,618.4217785644531,577.510316619873,534.7008936644455,562.9830698302496,-28.282176165804117,-25.677543936061,35.97047593290411
